Date,Close,Returns
2020-01-01 00:00:00+00:00,7200.85,0.001472467
2020-01-02 00:00:00+00:00,6965.71,-0.014418375
2020-01-03 00:00:00+00:00,7344.96,0.023024045
2020-01-04 00:00:00+00:00,7354.11,0.000540687
2020-01-05 00:00:00+00:00,7358.75,0.000273927
2020-01-06 00:00:00+00:00,7758,0.022945726
2020-01-07 00:00:00+00:00,8145.28,0.021156243
2020-01-08 00:00:00+00:00,8055.98,-0.004787639
2020-01-09 00:00:00+00:00,7817.76,-0.013036046
2020-01-10 00:00:00+00:00,8197.02,0.020573661
2020-01-11 00:00:00+00:00,8020.01,-0.009481085
2020-01-12 00:00:00+00:00,8184.98,0.008842713
2020-01-13 00:00:00+00:00,8110.34,-0.003978562
2020-01-14 00:00:00+00:00,8810.01,0.03593734
2020-01-15 00:00:00+00:00,8821.41,0.000561606
2020-01-16 00:00:00+00:00,8720.01,-0.005021025
2020-01-17 00:00:00+00:00,8913.28,0.009520567
2020-01-18 00:00:00+00:00,8915.96,0.000130562
2020-01-19 00:00:00+00:00,8701.7,-0.010564005
2020-01-20 00:00:00+00:00,8642.35,-0.002972256
2020-01-21 00:00:00+00:00,8736.03,0.004682266
2020-01-22 00:00:00+00:00,8682.36,-0.002676328
2020-01-23 00:00:00+00:00,8404.52,-0.014124874
2020-01-24 00:00:00+00:00,8439,0.001778072
2020-01-25 00:00:00+00:00,8340.58,-0.005094735
2020-01-26 00:00:00+00:00,8615,0.014059029
2020-01-27 00:00:00+00:00,8907.57,0.014503962
2020-01-28 00:00:00+00:00,9374.21,0.022175434
2020-01-29 00:00:00+00:00,9301.53,-0.003380287
2020-01-30 00:00:00+00:00,9513.21,0.009772693
2020-01-31 00:00:00+00:00,9352.89,-0.007381257
2020-02-01 00:00:00+00:00,9384.61,0.001470403
2020-02-02 00:00:00+00:00,9331.51,-0.002464303
2020-02-03 00:00:00+00:00,9292.24,-0.001831508
2020-02-04 00:00:00+00:00,9197.02,-0.004473287
2020-02-05 00:00:00+00:00,9612.04,0.019168439
2020-02-06 00:00:00+00:00,9772,0.007167889
2020-02-07 00:00:00+00:00,9813.73,0.001850647
2020-02-08 00:00:00+00:00,9895.05,0.003583888
2020-02-09 00:00:00+00:00,10151.75,0.011122921
2020-02-10 00:00:00+00:00,9851.83,-0.013024005
2020-02-11 00:00:00+00:00,10223.08,0.01606485
2020-02-12 00:00:00+00:00,10326.46,0.004369708
2020-02-13 00:00:00+00:00,10229.63,-0.004091541
2020-02-14 00:00:00+00:00,10344.36,0.0048437
2020-02-15 00:00:00+00:00,9904.72,-0.018861423
2020-02-16 00:00:00+00:00,9917.27,0.000549934
2020-02-17 00:00:00+00:00,9706,-0.00935185
2020-02-18 00:00:00+00:00,10164.71,0.020054706
2020-02-19 00:00:00+00:00,9593.79,-0.025104785
2020-02-20 00:00:00+00:00,9596.42,0.000119039
2020-02-21 00:00:00+00:00,9677.05,0.003633738
2020-02-22 00:00:00+00:00,9650.86,-0.001176969
2020-02-23 00:00:00+00:00,9936.4,0.012663051
2020-02-24 00:00:00+00:00,9656.13,-0.012425962
2020-02-25 00:00:00+00:00,9315.84,-0.015581083
2020-02-26 00:00:00+00:00,8785.25,-0.025467896
2020-02-27 00:00:00+00:00,8823.21,0.001872491
2020-02-28 00:00:00+00:00,8692.91,-0.006461433
2020-02-29 00:00:00+00:00,8523.61,-0.008541613
2020-03-01 00:00:00+00:00,8531.88,0.000421168
2020-03-02 00:00:00+00:00,8915.24,0.0190883
2020-03-03 00:00:00+00:00,8760.07,-0.007625462
2020-03-04 00:00:00+00:00,8750.87,-0.000456344
2020-03-05 00:00:00+00:00,9054.68,0.014821874
2020-03-06 00:00:00+00:00,9131.88,0.003687089
2020-03-07 00:00:00+00:00,8886.66,-0.011821631
2020-03-08 00:00:00+00:00,8033.31,-0.043844038
2020-03-09 00:00:00+00:00,7929.87,-0.005628459
2020-03-10 00:00:00+00:00,7894.56,-0.001938138
2020-03-11 00:00:00+00:00,7934.52,0.002192729
2020-03-12 00:00:00+00:00,4800,-0.218279422
2020-03-13 00:00:00+00:00,5578.6,0.065283985
2020-03-14 00:00:00+00:00,5172.06,-0.032861668
2020-03-15 00:00:00+00:00,5361.3,0.015606555
2020-03-16 00:00:00+00:00,5028.97,-0.027791065
2020-03-17 00:00:00+00:00,5312.64,0.023831343
2020-03-18 00:00:00+00:00,5393.04,0.006523254
2020-03-19 00:00:00+00:00,6162.37,0.057914129
2020-03-20 00:00:00+00:00,6208.36,0.003229122
2020-03-21 00:00:00+00:00,6186.98,-0.00149818
2020-03-22 00:00:00+00:00,5816.19,-0.026840127
2020-03-23 00:00:00+00:00,6467.31,0.046085093
2020-03-24 00:00:00+00:00,6744.72,0.018240246
2020-03-25 00:00:00+00:00,6677.43,-0.004354581
2020-03-26 00:00:00+00:00,6737.36,0.00388041
2020-03-27 00:00:00+00:00,6359.11,-0.025093416
2020-03-28 00:00:00+00:00,6236.65,-0.008444965
2020-03-29 00:00:00+00:00,5881.42,-0.025469178
2020-03-30 00:00:00+00:00,6394.38,0.036316248
2020-03-31 00:00:00+00:00,6410.44,0.001089398
2020-04-01 00:00:00+00:00,6642.92,0.015471183
2020-04-02 00:00:00+00:00,6794.09,0.009772273
2020-04-03 00:00:00+00:00,6734.1,-0.003851734
2020-04-04 00:00:00+00:00,6856.99,0.007853955
2020-04-05 00:00:00+00:00,6772.78,-0.005366547
2020-04-06 00:00:00+00:00,7329.9,0.034331081
2020-04-07 00:00:00+00:00,7197.32,-0.007927237
2020-04-08 00:00:00+00:00,7361.28,0.009782525
2020-04-09 00:00:00+00:00,7283.54,-0.004610828
2020-04-10 00:00:00+00:00,6858.92,-0.026086772
2020-04-11 00:00:00+00:00,6876.83,0.001132551
2020-04-12 00:00:00+00:00,6903.79,0.001699284
2020-04-13 00:00:00+00:00,6837.91,-0.004164192
2020-04-14 00:00:00+00:00,6868.7,0.001951168
2020-04-15 00:00:00+00:00,6621.24,-0.015935218
2020-04-16 00:00:00+00:00,7101.94,0.030437669
2020-04-17 00:00:00+00:00,7027.55,-0.004573055
2020-04-18 00:00:00+00:00,7248.6,0.01345019
2020-04-19 00:00:00+00:00,7120.74,-0.007729006
2020-04-20 00:00:00+00:00,6826.83,-0.01830604
2020-04-21 00:00:00+00:00,6841.37,0.000923991
2020-04-22 00:00:00+00:00,7125.14,0.017650323
2020-04-23 00:00:00+00:00,7482.39,0.021246939
2020-04-24 00:00:00+00:00,7505,0.001310356
2020-04-25 00:00:00+00:00,7538.67,0.001944036
2020-04-26 00:00:00+00:00,7693.1,0.008806645
2020-04-27 00:00:00+00:00,7774.62,0.004577793
2020-04-28 00:00:00+00:00,7738.98,-0.001995447
2020-04-29 00:00:00+00:00,8778.57,0.054740052
2020-04-30 00:00:00+00:00,8620,-0.007916511
2020-05-01 00:00:00+00:00,8826.96,0.010303893
2020-05-02 00:00:00+00:00,8972.05,0.007080527
2020-05-03 00:00:00+00:00,8894.16,-0.003786747
2020-05-04 00:00:00+00:00,8871.96,-0.001085363
2020-05-05 00:00:00+00:00,9021.83,0.007275064
2020-05-06 00:00:00+00:00,9142.92,0.00579028
2020-05-07 00:00:00+00:00,9986.4,0.038324038
2020-05-08 00:00:00+00:00,9800.01,-0.008182439
2020-05-09 00:00:00+00:00,9539.4,-0.011705459
2020-05-10 00:00:00+00:00,8722.77,-0.038866638
2020-05-11 00:00:00+00:00,8561.52,-0.008103546
2020-05-12 00:00:00+00:00,8810.79,0.012463975
2020-05-13 00:00:00+00:00,9309.37,0.023905441
2020-05-14 00:00:00+00:00,9791.98,0.021950226
2020-05-15 00:00:00+00:00,9316.42,-0.021621459
2020-05-16 00:00:00+00:00,9381.27,0.003012576
2020-05-17 00:00:00+00:00,9680.04,0.013615516
2020-05-18 00:00:00+00:00,9733.93,0.002411067
2020-05-19 00:00:00+00:00,9775.53,0.001852094
2020-05-20 00:00:00+00:00,9511.43,-0.011894497
2020-05-21 00:00:00+00:00,9068.65,-0.020703175
2020-05-22 00:00:00+00:00,9170,0.004826695
2020-05-23 00:00:00+00:00,9179.15,0.000433131
2020-05-24 00:00:00+00:00,8720.34,-0.022269049
2020-05-25 00:00:00+00:00,8900.35,0.008873667
2020-05-26 00:00:00+00:00,8841.18,-0.002896853
2020-05-27 00:00:00+00:00,9204.07,0.01746968
2020-05-28 00:00:00+00:00,9575.89,0.017199236
2020-05-29 00:00:00+00:00,9427.07,-0.006802417
2020-05-30 00:00:00+00:00,9697.72,0.012292909
2020-05-31 00:00:00+00:00,9448.27,-0.011317345
2020-06-01 00:00:00+00:00,10200.77,0.03328066
2020-06-02 00:00:00+00:00,9518.04,-0.03008543
2020-06-03 00:00:00+00:00,9666.24,0.006710048
2020-06-04 00:00:00+00:00,9789.06,0.005483417
2020-06-05 00:00:00+00:00,9621.16,-0.007513553
2020-06-06 00:00:00+00:00,9666.3,0.002032833
2020-06-07 00:00:00+00:00,9746.99,0.003610251
2020-06-08 00:00:00+00:00,9782.01,0.001557582
2020-06-09 00:00:00+00:00,9772.43,-0.000425534
2020-06-10 00:00:00+00:00,9885,0.004974105
2020-06-11 00:00:00+00:00,9280.4,-0.027409978
2020-06-12 00:00:00+00:00,9465.13,0.008559888
2020-06-13 00:00:00+00:00,9473.34,0.000376541
2020-06-14 00:00:00+00:00,9342.1,-0.006058613
2020-06-15 00:00:00+00:00,9426.02,0.003883845
2020-06-16 00:00:00+00:00,9525.59,0.004563528
2020-06-17 00:00:00+00:00,9465.14,-0.002764843
2020-06-18 00:00:00+00:00,9386.32,-0.003631686
2020-06-19 00:00:00+00:00,9310.23,-0.003534946
2020-06-20 00:00:00+00:00,9358.95,0.002266717
2020-06-21 00:00:00+00:00,9294.69,-0.002992217
2020-06-22 00:00:00+00:00,9685.69,0.017895655
2020-06-23 00:00:00+00:00,9624.89,-0.00273479
2020-06-24 00:00:00+00:00,9296.49,-0.015076768
2020-06-25 00:00:00+00:00,9249.49,-0.002201219
2020-06-26 00:00:00+00:00,9162.21,-0.004117546
2020-06-27 00:00:00+00:00,9012,-0.007179059
2020-06-28 00:00:00+00:00,9116.35,0.004999807
2020-06-29 00:00:00+00:00,9192.56,0.003615483
2020-06-30 00:00:00+00:00,9138.55,-0.002559181
2020-07-01 00:00:00+00:00,9232,0.004418503
2020-07-02 00:00:00+00:00,9086.54,-0.006897253
2020-07-03 00:00:00+00:00,9058.26,-0.001353761
2020-07-04 00:00:00+00:00,9135.46,0.003685638
2020-07-05 00:00:00+00:00,9069.41,-0.003151385
2020-07-06 00:00:00+00:00,9344.2,0.01296309
2020-07-07 00:00:00+00:00,9257.39,-0.004053565
2020-07-08 00:00:00+00:00,9436.06,0.008302133
2020-07-09 00:00:00+00:00,9232.43,-0.00947467
2020-07-10 00:00:00+00:00,9288.34,0.002622081
2020-07-11 00:00:00+00:00,9234.03,-0.002546823
2020-07-12 00:00:00+00:00,9302.75,0.003220069
2020-07-13 00:00:00+00:00,9242.62,-0.002816252
2020-07-14 00:00:00+00:00,9255.85,0.00062121
2020-07-15 00:00:00+00:00,9197.6,-0.002741789
2020-07-16 00:00:00+00:00,9133.72,-0.003026824
2020-07-17 00:00:00+00:00,9154.32,0.000978396
2020-07-18 00:00:00+00:00,9170.28,0.000756507
2020-07-19 00:00:00+00:00,9208.99,0.001829405
2020-07-20 00:00:00+00:00,9160.78,-0.002279548
2020-07-21 00:00:00+00:00,9390,0.010733139
2020-07-22 00:00:00+00:00,9518.16,0.005887409
2020-07-23 00:00:00+00:00,9603.27,0.003866138
2020-07-24 00:00:00+00:00,9537.8,-0.002970928
2020-07-25 00:00:00+00:00,9700.42,0.007342327
2020-07-26 00:00:00+00:00,9931.54,0.010226058
2020-07-27 00:00:00+00:00,11029.96,0.045557341
2020-07-28 00:00:00+00:00,10906.27,-0.004897692
2020-07-29 00:00:00+00:00,11100.53,0.00766747
2020-07-30 00:00:00+00:00,11099.61,-3.59954E-05
2020-07-31 00:00:00+00:00,11335.46,0.009131429
2020-08-01 00:00:00+00:00,11801.17,0.017485918
2020-08-02 00:00:00+00:00,11071.35,-0.027724486
2020-08-03 00:00:00+00:00,11219.81,0.005784922
2020-08-04 00:00:00+00:00,11191.97,-0.001078965
2020-08-05 00:00:00+00:00,11744.91,0.020943156
2020-08-06 00:00:00+00:00,11762.46,0.000648466
2020-08-07 00:00:00+00:00,11594.23,-0.006256248
2020-08-08 00:00:00+00:00,11761.41,0.006217478
2020-08-09 00:00:00+00:00,11681.68,-0.002954084
2020-08-10 00:00:00+00:00,11892.92,0.007783192
2020-08-11 00:00:00+00:00,11392.08,-0.018685471
2020-08-12 00:00:00+00:00,11564.33,0.00651745
2020-08-13 00:00:00+00:00,11780,0.008024814
2020-08-14 00:00:00+00:00,11760.54,-0.000718027
2020-08-15 00:00:00+00:00,11852.4,0.003379036
2020-08-16 00:00:00+00:00,11911,0.002141925
2020-08-17 00:00:00+00:00,12281.13,0.013290104
2020-08-18 00:00:00+00:00,11945.01,-0.012051811
2020-08-19 00:00:00+00:00,11754.59,-0.006979032
2020-08-20 00:00:00+00:00,11853.55,0.00364095
2020-08-21 00:00:00+00:00,11531.34,-0.011968659
2020-08-22 00:00:00+00:00,11662.96,0.004929009
2020-08-23 00:00:00+00:00,11648.13,-0.000552577
2020-08-24 00:00:00+00:00,11748.2,0.003715122
2020-08-25 00:00:00+00:00,11318.42,-0.016185526
2020-08-26 00:00:00+00:00,11461.43,0.005453001
2020-08-27 00:00:00+00:00,11330.38,-0.004994331
2020-08-28 00:00:00+00:00,11526.91,0.007468427
2020-08-29 00:00:00+00:00,11465.84,-0.002307025
2020-08-30 00:00:00+00:00,11711.16,0.009194037
2020-08-31 00:00:00+00:00,11649.51,-0.002292256
2020-09-01 00:00:00+00:00,11921.97,0.010040366
2020-09-02 00:00:00+00:00,11388.54,-0.019879973
2020-09-03 00:00:00+00:00,10140.85,-0.050393693
2020-09-04 00:00:00+00:00,10446.25,0.012886056
2020-09-05 00:00:00+00:00,10166.69,-0.011780834
2020-09-06 00:00:00+00:00,10256.2,0.0038069
2020-09-07 00:00:00+00:00,10373.44,0.004936318
2020-09-08 00:00:00+00:00,10126.65,-0.010456999
2020-09-09 00:00:00+00:00,10219.2,0.003951099
2020-09-10 00:00:00+00:00,10336.87,0.004972156
2020-09-11 00:00:00+00:00,10387.89,0.002138288
2020-09-12 00:00:00+00:00,10440.92,0.002211426
2020-09-13 00:00:00+00:00,10332.83,-0.004519484
2020-09-14 00:00:00+00:00,10671.77,0.014017172
2020-09-15 00:00:00+00:00,10785.31,0.004596176
2020-09-16 00:00:00+00:00,10954.01,0.006740501
2020-09-17 00:00:00+00:00,10939.99,-0.000556208
2020-09-18 00:00:00+00:00,10933.39,-0.000262085
2020-09-19 00:00:00+00:00,11080.65,0.005810397
2020-09-20 00:00:00+00:00,10920.28,-0.006331463
2020-09-21 00:00:00+00:00,10417.22,-0.020481938
2020-09-22 00:00:00+00:00,10529.61,0.00466045
2020-09-23 00:00:00+00:00,10241.46,-0.012050413
2020-09-24 00:00:00+00:00,10736.32,0.020493574
2020-09-25 00:00:00+00:00,10686.67,-0.002013049
2020-09-26 00:00:00+00:00,10728.6,0.001700655
2020-09-27 00:00:00+00:00,10774.25,0.001843995
2020-09-28 00:00:00+00:00,10696.12,-0.003160782
2020-09-29 00:00:00+00:00,10840.48,0.005822246
2020-09-30 00:00:00+00:00,10776.59,-0.002567152
2020-10-01 00:00:00+00:00,10619.13,-0.006392423
2020-10-02 00:00:00+00:00,10570.4,-0.001997516
2020-10-03 00:00:00+00:00,10542.06,-0.001165938
2020-10-04 00:00:00+00:00,10666.63,0.005101747
2020-10-05 00:00:00+00:00,10792.21,0.005083157
2020-10-06 00:00:00+00:00,10599.66,-0.007818453
2020-10-07 00:00:00+00:00,10666.39,0.002725524
2020-10-08 00:00:00+00:00,10925.57,0.010426645
2020-10-09 00:00:00+00:00,11050.64,0.004943327
2020-10-10 00:00:00+00:00,11293.22,0.009430358
2020-10-11 00:00:00+00:00,11369.02,0.002905242
2020-10-12 00:00:00+00:00,11528.25,0.006040355
2020-10-13 00:00:00+00:00,11420.56,-0.004075986
2020-10-14 00:00:00+00:00,11417.89,-0.000101545
2020-10-15 00:00:00+00:00,11505.12,0.003305298
2020-10-16 00:00:00+00:00,11319.32,-0.007070815
2020-10-17 00:00:00+00:00,11360.2,0.00156564
2020-10-18 00:00:00+00:00,11503.14,0.005430428
2020-10-19 00:00:00+00:00,11751.47,0.009275791
2020-10-20 00:00:00+00:00,11909.99,0.005819201
2020-10-21 00:00:00+00:00,12780.96,0.030652079
2020-10-22 00:00:00+00:00,12968.52,0.00632694
2020-10-23 00:00:00+00:00,12923.07,-0.001524719
2020-10-24 00:00:00+00:00,13111.73,0.006294301
2020-10-25 00:00:00+00:00,13028.83,-0.00275458
2020-10-26 00:00:00+00:00,13052.19,0.00077797
2020-10-27 00:00:00+00:00,13636.17,0.01900902
2020-10-28 00:00:00+00:00,13266.4,-0.011939319
2020-10-29 00:00:00+00:00,13455.7,0.006153208
2020-10-30 00:00:00+00:00,13560.1,0.003356596
2020-10-31 00:00:00+00:00,13791,0.007332866
2020-11-01 00:00:00+00:00,13761.5,-0.000929984
2020-11-02 00:00:00+00:00,13549.37,-0.006746672
2020-11-03 00:00:00+00:00,14023.53,0.014938245
2020-11-04 00:00:00+00:00,14144.01,0.003715207
2020-11-05 00:00:00+00:00,15590.02,0.042274118
2020-11-06 00:00:00+00:00,15579.92,-0.000281449
2020-11-07 00:00:00+00:00,14818.3,-0.02176684
2020-11-08 00:00:00+00:00,15475.1,0.018835081
2020-11-09 00:00:00+00:00,15328.41,-0.004136356
2020-11-10 00:00:00+00:00,15297.21,-0.00088488
2020-11-11 00:00:00+00:00,15684.24,0.010851251
2020-11-12 00:00:00+00:00,16291.86,0.01650719
2020-11-13 00:00:00+00:00,16320.7,0.000768112
2020-11-14 00:00:00+00:00,16070.45,-0.006710744
2020-11-15 00:00:00+00:00,15957,-0.003076793
2020-11-16 00:00:00+00:00,16713.57,0.02011798
2020-11-17 00:00:00+00:00,17659.38,0.023906227
2020-11-18 00:00:00+00:00,17776.12,0.002861521
2020-11-19 00:00:00+00:00,17802.82,0.000651827
2020-11-20 00:00:00+00:00,18655.67,0.02032205
2020-11-21 00:00:00+00:00,18703.8,0.001118999
2020-11-22 00:00:00+00:00,18414.43,-0.00677157
2020-11-23 00:00:00+00:00,18368,-0.00109641
2020-11-24 00:00:00+00:00,19160.01,0.018333861
2020-11-25 00:00:00+00:00,18719.11,-0.010110535
2020-11-26 00:00:00+00:00,17149.47,-0.038034494
2020-11-27 00:00:00+00:00,17139.52,-0.000252048
2020-11-28 00:00:00+00:00,17719.85,0.014461386
2020-11-29 00:00:00+00:00,18184.99,0.011253025
2020-11-30 00:00:00+00:00,19695.87,0.034662103
2020-12-01 00:00:00+00:00,18764.96,-0.021027526
2020-12-02 00:00:00+00:00,19204.09,0.01004609
2020-12-03 00:00:00+00:00,19421.9,0.004897981
2020-12-04 00:00:00+00:00,18650.52,-0.017600769
2020-12-05 00:00:00+00:00,19147.66,0.011424762
2020-12-06 00:00:00+00:00,19359.4,0.004776186
2020-12-07 00:00:00+00:00,19166.9,-0.004340016
2020-12-08 00:00:00+00:00,18324.11,-0.019528987
2020-12-09 00:00:00+00:00,18541.28,0.005116822
2020-12-10 00:00:00+00:00,18254.63,-0.006766678
2020-12-11 00:00:00+00:00,18036.53,-0.005220046
2020-12-12 00:00:00+00:00,18808.69,0.01820556
2020-12-13 00:00:00+00:00,19174.99,0.008376598
2020-12-14 00:00:00+00:00,19273.14,0.00221733
2020-12-15 00:00:00+00:00,19426.43,0.003440521
2020-12-16 00:00:00+00:00,21335.52,0.040710235
2020-12-17 00:00:00+00:00,22797.16,0.028777515
2020-12-18 00:00:00+00:00,23107.39,0.005870147
2020-12-19 00:00:00+00:00,23821.61,0.013220216
2020-12-20 00:00:00+00:00,23455.52,-0.006726045
2020-12-21 00:00:00+00:00,22719.71,-0.013842282
2020-12-22 00:00:00+00:00,23810.79,0.020371021
2020-12-23 00:00:00+00:00,23232.76,-0.010672999
2020-12-24 00:00:00+00:00,23729.2,0.009182291
2020-12-25 00:00:00+00:00,24712.47,0.017633058
2020-12-26 00:00:00+00:00,26493.39,0.030221378
2020-12-27 00:00:00+00:00,26281.66,-0.00348474
2020-12-28 00:00:00+00:00,27079.41,0.012986405
2020-12-29 00:00:00+00:00,27385,0.004873547
2020-12-30 00:00:00+00:00,28875.54,0.023017369
2020-12-31 00:00:00+00:00,28923.63,0.000722683
2021-01-01 00:00:00+00:00,29331.69,0.006084289
2021-01-02 00:00:00+00:00,32178.33,0.040226415
2021-01-03 00:00:00+00:00,33000.05,0.010951097
2021-01-04 00:00:00+00:00,31988.71,-0.013517871
2021-01-05 00:00:00+00:00,33949.53,0.025837039
2021-01-06 00:00:00+00:00,36769.36,0.034652304
2021-01-07 00:00:00+00:00,39432.28,0.030365818
2021-01-08 00:00:00+00:00,40582.81,0.012490226
2021-01-09 00:00:00+00:00,40088.22,-0.005325342
2021-01-10 00:00:00+00:00,38150.02,-0.021522003
2021-01-11 00:00:00+00:00,35404.47,-0.032436673
2021-01-12 00:00:00+00:00,34051.24,-0.016925166
2021-01-13 00:00:00+00:00,37371.38,0.040406204
2021-01-14 00:00:00+00:00,39144.5,0.020131615
2021-01-15 00:00:00+00:00,36742.22,-0.027505357
2021-01-16 00:00:00+00:00,35994.98,-0.008923457
2021-01-17 00:00:00+00:00,35828.61,-0.002011977
2021-01-18 00:00:00+00:00,36631.27,0.009622016
2021-01-19 00:00:00+00:00,35891.49,-0.008860488
2021-01-20 00:00:00+00:00,35468.23,-0.005151972
2021-01-21 00:00:00+00:00,30850.13,-0.060582518
2021-01-22 00:00:00+00:00,32945.17,0.028534754
2021-01-23 00:00:00+00:00,32078,-0.01158447
2021-01-24 00:00:00+00:00,32259.9,0.002455734
2021-01-25 00:00:00+00:00,32254.2,-7.67422E-05
2021-01-26 00:00:00+00:00,32467.77,0.002866186
2021-01-27 00:00:00+00:00,30366.15,-0.029062728
2021-01-28 00:00:00+00:00,33364.86,0.040899574
2021-01-29 00:00:00+00:00,34252.2,0.011399164
2021-01-30 00:00:00+00:00,34262.88,0.000135394
2021-01-31 00:00:00+00:00,33092.98,-0.015087988
2021-02-01 00:00:00+00:00,33526.37,0.005650657
2021-02-02 00:00:00+00:00,35466.24,0.024428615
2021-02-03 00:00:00+00:00,37618.87,0.025590597
2021-02-04 00:00:00+00:00,36936.66,-0.007948124
2021-02-05 00:00:00+00:00,38290.24,0.015630467
2021-02-06 00:00:00+00:00,39186.94,0.010053263
2021-02-07 00:00:00+00:00,38795.69,-0.004357872
2021-02-08 00:00:00+00:00,46374.87,0.077499225
2021-02-09 00:00:00+00:00,46420.42,0.00042636
2021-02-10 00:00:00+00:00,44807.58,-0.015357577
2021-02-11 00:00:00+00:00,47969.51,0.029613793
2021-02-12 00:00:00+00:00,47287.6,-0.00621801
2021-02-13 00:00:00+00:00,47153.69,-0.001231589
2021-02-14 00:00:00+00:00,48577.79,0.012922069
2021-02-15 00:00:00+00:00,47911.1,-0.006001611
2021-02-16 00:00:00+00:00,49133.45,0.010941118
2021-02-17 00:00:00+00:00,52119.71,0.025624731
2021-02-18 00:00:00+00:00,51552.6,-0.004751417
2021-02-19 00:00:00+00:00,55906,0.035207847
2021-02-20 00:00:00+00:00,55841.19,-0.000503755
2021-02-21 00:00:00+00:00,57408.57,0.012022064
2021-02-22 00:00:00+00:00,54087.67,-0.025878456
2021-02-23 00:00:00+00:00,48891,-0.043869353
2021-02-24 00:00:00+00:00,49676.2,0.006919447
2021-02-25 00:00:00+00:00,47073.73,-0.023369755
2021-02-26 00:00:00+00:00,46276.87,-0.007414635
2021-02-27 00:00:00+00:00,46106.43,-0.001602481
2021-02-28 00:00:00+00:00,45135.66,-0.009241699
2021-03-01 00:00:00+00:00,49587.03,0.0408483
2021-03-02 00:00:00+00:00,48440.65,-0.010158135
2021-03-03 00:00:00+00:00,50349.37,0.016784079
2021-03-04 00:00:00+00:00,48374.09,-0.017381233
2021-03-05 00:00:00+00:00,48751.71,0.003377045
2021-03-06 00:00:00+00:00,48882.2,0.00116089
2021-03-07 00:00:00+00:00,50971.75,0.018178801
2021-03-08 00:00:00+00:00,52375.17,0.011795901
2021-03-09 00:00:00+00:00,54884.5,0.020324267
2021-03-10 00:00:00+00:00,55851.59,0.007585829
2021-03-11 00:00:00+00:00,57773.16,0.014690581
2021-03-12 00:00:00+00:00,57221.72,-0.004165215
2021-03-13 00:00:00+00:00,61188.39,0.029108118
2021-03-14 00:00:00+00:00,58968.31,-0.016050345
2021-03-15 00:00:00+00:00,55605.2,-0.025503274
2021-03-16 00:00:00+00:00,56900.75,0.010002584
2021-03-17 00:00:00+00:00,58912.97,0.015092927
2021-03-18 00:00:00+00:00,57648.16,-0.009425467
2021-03-19 00:00:00+00:00,58030.01,0.002867195
2021-03-20 00:00:00+00:00,58102.28,0.00054053
2021-03-21 00:00:00+00:00,57351.56,-0.005647939
2021-03-22 00:00:00+00:00,54083.25,-0.025482454
2021-03-23 00:00:00+00:00,54340.89,0.002063965
2021-03-24 00:00:00+00:00,52303.65,-0.01659475
2021-03-25 00:00:00+00:00,51293.78,-0.008467292
2021-03-26 00:00:00+00:00,55025.59,0.030500003
2021-03-27 00:00:00+00:00,55817.14,0.006202872
2021-03-28 00:00:00+00:00,55777.63,-0.000307523
2021-03-29 00:00:00+00:00,57635.47,0.014229782
2021-03-30 00:00:00+00:00,58746.57,0.008292676
2021-03-31 00:00:00+00:00,58740.55,-4.45062E-05
2021-04-01 00:00:00+00:00,58720.44,-0.000148707
2021-04-02 00:00:00+00:00,58950.01,0.001694582
2021-04-03 00:00:00+00:00,57051.94,-0.014213466
2021-04-04 00:00:00+00:00,58202.01,0.008667566
2021-04-05 00:00:00+00:00,59129.99,0.006869822
2021-04-06 00:00:00+00:00,57991.15,-0.008446084
2021-04-07 00:00:00+00:00,55953.45,-0.015534852
2021-04-08 00:00:00+00:00,58077.52,0.016181193
2021-04-09 00:00:00+00:00,58142.54,0.000485937
2021-04-10 00:00:00+00:00,59769.13,0.011982934
2021-04-11 00:00:00+00:00,60002.43,0.001691905
2021-04-12 00:00:00+00:00,59860,-0.001032126
2021-04-13 00:00:00+00:00,63575,0.026149656
2021-04-14 00:00:00+00:00,62959.53,-0.004224892
2021-04-15 00:00:00+00:00,63159.98,0.001380507
2021-04-16 00:00:00+00:00,61334.8,-0.01273503
2021-04-17 00:00:00+00:00,60006.66,-0.009507499
2021-04-18 00:00:00+00:00,56150.01,-0.028849616
2021-04-19 00:00:00+00:00,55633.14,-0.004016265
2021-04-20 00:00:00+00:00,56425,0.006137995
2021-04-21 00:00:00+00:00,53787.63,-0.020789159
2021-04-22 00:00:00+00:00,51690.96,-0.017267811
2021-04-23 00:00:00+00:00,51125.14,-0.004780088
2021-04-24 00:00:00+00:00,50047.84,-0.009249172
2021-04-25 00:00:00+00:00,49066.77,-0.008597869
2021-04-26 00:00:00+00:00,54001.39,0.041617469
2021-04-27 00:00:00+00:00,55011.97,0.008052259
2021-04-28 00:00:00+00:00,54846.22,-0.001310496
2021-04-29 00:00:00+00:00,53555,-0.010346678
2021-04-30 00:00:00+00:00,57694.27,0.032332659
2021-05-01 00:00:00+00:00,57800.37,0.000797936
2021-05-02 00:00:00+00:00,56578.21,-0.009281415
2021-05-03 00:00:00+00:00,57169.39,0.004514355
2021-05-04 00:00:00+00:00,53200.01,-0.031251844
2021-05-05 00:00:00+00:00,57436.11,0.033273305
2021-05-06 00:00:00+00:00,56393.68,-0.007954583
2021-05-07 00:00:00+00:00,57314.75,0.007035967
2021-05-08 00:00:00+00:00,58862.05,0.011568981
2021-05-09 00:00:00+00:00,58240.84,-0.004607753
2021-05-10 00:00:00+00:00,55816.14,-0.018467831
2021-05-11 00:00:00+00:00,56670.02,0.006593567
2021-05-12 00:00:00+00:00,49631.32,-0.05759754
2021-05-13 00:00:00+00:00,49670.97,0.000346815
2021-05-14 00:00:00+00:00,49841.45,0.001488027
2021-05-15 00:00:00+00:00,46762.99,-0.027688397
2021-05-16 00:00:00+00:00,46431.5,-0.003089558
2021-05-17 00:00:00+00:00,43538.04,-0.02794384
2021-05-18 00:00:00+00:00,42849.78,-0.006920278
2021-05-19 00:00:00+00:00,36690.09,-0.067399819
2021-05-20 00:00:00+00:00,40526.64,0.043191821
2021-05-21 00:00:00+00:00,37252.01,-0.036590888
2021-05-22 00:00:00+00:00,37449.73,0.00229898
2021-05-23 00:00:00+00:00,34655.25,-0.033679655
2021-05-24 00:00:00+00:00,38796.29,0.049021161
2021-05-25 00:00:00+00:00,38324.72,-0.005311206
2021-05-26 00:00:00+00:00,39241.91,0.010271147
2021-05-27 00:00:00+00:00,38529.98,-0.007951354
2021-05-28 00:00:00+00:00,35663.49,-0.033574943
2021-05-29 00:00:00+00:00,34605.15,-0.013083105
2021-05-30 00:00:00+00:00,35641.27,0.012812435
2021-05-31 00:00:00+00:00,37253.81,0.019217524
2021-06-01 00:00:00+00:00,36693.09,-0.006586409
2021-06-02 00:00:00+00:00,37568.68,0.01024165
2021-06-03 00:00:00+00:00,39246.79,0.018978205
2021-06-04 00:00:00+00:00,36829,-0.027614215
2021-06-05 00:00:00+00:00,35513.2,-0.01580012
2021-06-06 00:00:00+00:00,35796.31,0.003448453
2021-06-07 00:00:00+00:00,33552.79,-0.028109622
2021-06-08 00:00:00+00:00,33380.81,-0.002231768
2021-06-09 00:00:00+00:00,37388.05,0.049235944
2021-06-10 00:00:00+00:00,36675.72,-0.008354166
2021-06-11 00:00:00+00:00,37331.98,0.007702376
2021-06-12 00:00:00+00:00,35546.11,-0.021288944
2021-06-13 00:00:00+00:00,39020.57,0.040501529
2021-06-14 00:00:00+00:00,40516.29,0.016336062
2021-06-15 00:00:00+00:00,40144.04,-0.004008594
2021-06-16 00:00:00+00:00,38349.01,-0.01986692
2021-06-17 00:00:00+00:00,38092.97,-0.002909322
2021-06-18 00:00:00+00:00,35819.84,-0.026721193
2021-06-19 00:00:00+00:00,35483.72,-0.004094498
2021-06-20 00:00:00+00:00,35600.16,0.001422806
2021-06-21 00:00:00+00:00,31608.93,-0.051642155
2021-06-22 00:00:00+00:00,32509.56,0.012201297
2021-06-23 00:00:00+00:00,33678.07,0.015336104
2021-06-24 00:00:00+00:00,34663.09,0.012520079
2021-06-25 00:00:00+00:00,31584.45,-0.040393956
2021-06-26 00:00:00+00:00,32283.65,0.009509312
2021-06-27 00:00:00+00:00,34700.34,0.0313511
2021-06-28 00:00:00+00:00,34494.89,-0.002578966
2021-06-29 00:00:00+00:00,35911.73,0.017481563
2021-06-30 00:00:00+00:00,35045,-0.010610263
2021-07-01 00:00:00+00:00,33504.69,-0.01952046
2021-07-02 00:00:00+00:00,33786.55,0.003638244
2021-07-03 00:00:00+00:00,34669.13,0.011199096
2021-07-04 00:00:00+00:00,35286.51,0.007665763
2021-07-05 00:00:00+00:00,33690.14,-0.020105891
2021-07-06 00:00:00+00:00,34220.01,0.006777316
2021-07-07 00:00:00+00:00,33862.12,-0.004565988
2021-07-08 00:00:00+00:00,32875.71,-0.012839004
2021-07-09 00:00:00+00:00,33815.81,0.012244654
2021-07-10 00:00:00+00:00,33502.87,-0.004037783
2021-07-11 00:00:00+00:00,34258.99,0.009692543
2021-07-12 00:00:00+00:00,33086.63,-0.01512202
2021-07-13 00:00:00+00:00,32729.77,-0.004709581
2021-07-14 00:00:00+00:00,32820.02,0.001195888
2021-07-15 00:00:00+00:00,31880,-0.012620529
2021-07-16 00:00:00+00:00,31383.87,-0.006811817
2021-07-17 00:00:00+00:00,31520.07,0.001880677
2021-07-18 00:00:00+00:00,31778.56,0.003547041
2021-07-19 00:00:00+00:00,30839.65,-0.013024773
2021-07-20 00:00:00+00:00,29790.35,-0.015033835
2021-07-21 00:00:00+00:00,32144.51,0.033031204
2021-07-22 00:00:00+00:00,32287.83,0.001932048
2021-07-23 00:00:00+00:00,33634.09,0.017740824
2021-07-24 00:00:00+00:00,34258.14,0.007984098
2021-07-25 00:00:00+00:00,35381.02,0.014006569
2021-07-26 00:00:00+00:00,37237.6,0.022211333
2021-07-27 00:00:00+00:00,39457.87,0.025151955
2021-07-28 00:00:00+00:00,40019.56,0.006138672
2021-07-29 00:00:00+00:00,40016.48,-3.34256E-05
2021-07-30 00:00:00+00:00,42206.37,0.023139118
2021-07-31 00:00:00+00:00,41461.83,-0.007729535
2021-08-01 00:00:00+00:00,39845.44,-0.01726984
2021-08-02 00:00:00+00:00,39147.82,-0.007671044
2021-08-03 00:00:00+00:00,38207.05,-0.010564076
2021-08-04 00:00:00+00:00,39723.18,0.016900502
2021-08-05 00:00:00+00:00,40862.46,0.0122805
2021-08-06 00:00:00+00:00,42836.87,0.020493222
2021-08-07 00:00:00+00:00,44572.54,0.017249653
2021-08-08 00:00:00+00:00,43794.37,-0.0076491
2021-08-09 00:00:00+00:00,46253.4,0.023725379
2021-08-10 00:00:00+00:00,45584.99,-0.006321799
2021-08-11 00:00:00+00:00,45511,-0.000705486
2021-08-12 00:00:00+00:00,44399,-0.01074319
2021-08-13 00:00:00+00:00,47800,0.032054708
2021-08-14 00:00:00+00:00,47068.51,-0.006697446
2021-08-15 00:00:00+00:00,46973.82,-0.000874571
2021-08-16 00:00:00+00:00,45901.29,-0.010030988
2021-08-17 00:00:00+00:00,44695.95,-0.011556719
2021-08-18 00:00:00+00:00,44705.29,9.07439E-05
2021-08-19 00:00:00+00:00,46760.62,0.019521344
2021-08-20 00:00:00+00:00,49322.47,0.023164556
2021-08-21 00:00:00+00:00,48821.87,-0.004430407
2021-08-22 00:00:00+00:00,49239.22,0.003696755
2021-08-23 00:00:00+00:00,49488.85,0.002196197
2021-08-24 00:00:00+00:00,47674.01,-0.016225679
2021-08-25 00:00:00+00:00,48973.32,0.011677863
2021-08-26 00:00:00+00:00,46843.87,-0.01930678
2021-08-27 00:00:00+00:00,49069.9,0.020162406
2021-08-28 00:00:00+00:00,48895.35,-0.001547614
2021-08-29 00:00:00+00:00,48767.83,-0.001134128
2021-08-30 00:00:00+00:00,46982.91,-0.016193519
2021-08-31 00:00:00+00:00,47100.89,0.001089201
2021-09-01 00:00:00+00:00,48810.52,0.015484321
2021-09-02 00:00:00+00:00,49246.64,0.00386317
2021-09-03 00:00:00+00:00,49999.14,0.00658593
2021-09-04 00:00:00+00:00,49915.64,-0.000725891
2021-09-05 00:00:00+00:00,51756.88,0.015731445
2021-09-06 00:00:00+00:00,52663.9,0.007544929
2021-09-07 00:00:00+00:00,46863.73,-0.050676165
2021-09-08 00:00:00+00:00,46048.31,-0.007623156
2021-09-09 00:00:00+00:00,46395.14,0.003258794
2021-09-10 00:00:00+00:00,44850.91,-0.014701231
2021-09-11 00:00:00+00:00,45173.69,0.003114308
2021-09-12 00:00:00+00:00,46025.24,0.008110495
2021-09-13 00:00:00+00:00,44940.73,-0.010355939
2021-09-14 00:00:00+00:00,47111.52,0.020486994
2021-09-15 00:00:00+00:00,48121.41,0.009211228
2021-09-16 00:00:00+00:00,47737.82,-0.003475761
2021-09-17 00:00:00+00:00,47299.98,-0.004001625
2021-09-18 00:00:00+00:00,48292.74,0.00902089
2021-09-19 00:00:00+00:00,47241.75,-0.00955587
2021-09-20 00:00:00+00:00,43015.62,-0.04069979
2021-09-21 00:00:00+00:00,40734.38,-0.023665076
2021-09-22 00:00:00+00:00,43543.61,0.028963321
2021-09-23 00:00:00+00:00,44865.26,0.012985757
2021-09-24 00:00:00+00:00,42810.57,-0.020359179
2021-09-25 00:00:00+00:00,42670.64,-0.001421854
2021-09-26 00:00:00+00:00,43160.9,0.004961335
2021-09-27 00:00:00+00:00,42147.35,-0.010320218
2021-09-28 00:00:00+00:00,41026.54,-0.011705382
2021-09-29 00:00:00+00:00,41524.28,0.005237219
2021-09-30 00:00:00+00:00,43824.1,0.023410895
2021-10-01 00:00:00+00:00,48141.61,0.040807604
2021-10-02 00:00:00+00:00,47634.9,-0.004595352
2021-10-03 00:00:00+00:00,48200.01,0.005121871
2021-10-04 00:00:00+00:00,49224.94,0.009138067
2021-10-05 00:00:00+00:00,51471.99,0.019385764
2021-10-06 00:00:00+00:00,55315,0.031271958
2021-10-07 00:00:00+00:00,53785.22,-0.012179967
2021-10-08 00:00:00+00:00,53951.43,0.001340011
2021-10-09 00:00:00+00:00,54949.72,0.007962524
2021-10-10 00:00:00+00:00,54659,-0.002303802
2021-10-11 00:00:00+00:00,57471.35,0.021789717
2021-10-12 00:00:00+00:00,55996.93,-0.011287181
2021-10-13 00:00:00+00:00,57367,0.010497921
2021-10-14 00:00:00+00:00,57347.94,-0.000144317
2021-10-15 00:00:00+00:00,61672.42,0.031573168
2021-10-16 00:00:00+00:00,60875.57,-0.00564795
2021-10-17 00:00:00+00:00,61528.33,0.004632087
2021-10-18 00:00:00+00:00,62009.84,0.003385483
2021-10-19 00:00:00+00:00,64280.59,0.015619244
2021-10-20 00:00:00+00:00,66001.41,0.011473359
2021-10-21 00:00:00+00:00,62193.15,-0.02581066
2021-10-22 00:00:00+00:00,60688.22,-0.010638154
2021-10-23 00:00:00+00:00,61286.75,0.004262192
2021-10-24 00:00:00+00:00,60852.22,-0.003090165
2021-10-25 00:00:00+00:00,63078.78,0.015606858
2021-10-26 00:00:00+00:00,60328.81,-0.019358526
2021-10-27 00:00:00+00:00,58413.44,-0.014011976
2021-10-28 00:00:00+00:00,60575.89,0.015787021
2021-10-29 00:00:00+00:00,62253.71,0.011865435
2021-10-30 00:00:00+00:00,61859.19,-0.002761009
2021-10-31 00:00:00+00:00,61299.8,-0.003945171
2021-11-01 00:00:00+00:00,60911.11,-0.002762544
2021-11-02 00:00:00+00:00,63219.99,0.016157909
2021-11-03 00:00:00+00:00,62896.48,-0.002228082
2021-11-04 00:00:00+00:00,61395.01,-0.010493266
2021-11-05 00:00:00+00:00,60937.12,-0.00325115
2021-11-06 00:00:00+00:00,61470.61,0.003785598
2021-11-07 00:00:00+00:00,63273.59,0.012554953
2021-11-08 00:00:00+00:00,67525.83,0.028247455
2021-11-09 00:00:00+00:00,66947.66,-0.003734529
2021-11-10 00:00:00+00:00,64882.43,-0.013608295
2021-11-11 00:00:00+00:00,64774.26,-0.000724647
2021-11-12 00:00:00+00:00,64122.23,-0.004393843
2021-11-13 00:00:00+00:00,64380,0.001742355
2021-11-14 00:00:00+00:00,65519.1,0.007616951
2021-11-15 00:00:00+00:00,63606.74,-0.012864786
2021-11-16 00:00:00+00:00,60058.87,-0.024925981
2021-11-17 00:00:00+00:00,60344.87,0.002063199
2021-11-18 00:00:00+00:00,56891.62,-0.025592055
2021-11-19 00:00:00+00:00,58052.24,0.008770681
2021-11-20 00:00:00+00:00,59707.51,0.012209978
2021-11-21 00:00:00+00:00,58622.02,-0.007968181
2021-11-22 00:00:00+00:00,56247.18,-0.017960026
2021-11-23 00:00:00+00:00,57541.27,0.009878689
2021-11-24 00:00:00+00:00,57138.29,-0.003052204
2021-11-25 00:00:00+00:00,58960.36,0.013632888
2021-11-26 00:00:00+00:00,53726.53,-0.040371335
2021-11-27 00:00:00+00:00,54721.03,0.007965471
2021-11-28 00:00:00+00:00,57274.88,0.019809925
2021-11-29 00:00:00+00:00,57776.25,0.003785162
2021-11-30 00:00:00+00:00,56950.56,-0.006251351
2021-12-01 00:00:00+00:00,57184.07,0.001777064
2021-12-02 00:00:00+00:00,56480.34,-0.00537776
2021-12-03 00:00:00+00:00,53601.05,-0.022724005
2021-12-04 00:00:00+00:00,49152.47,-0.03762795
2021-12-05 00:00:00+00:00,49396.33,0.002149337
2021-12-06 00:00:00+00:00,50441.92,0.009096926
2021-12-07 00:00:00+00:00,50588.95,0.001264056
2021-12-08 00:00:00+00:00,50471.19,-0.001012121
2021-12-09 00:00:00+00:00,47545.59,-0.025933304
2021-12-10 00:00:00+00:00,47140.54,-0.003715688
2021-12-11 00:00:00+00:00,49389.99,0.020244385
2021-12-12 00:00:00+00:00,50053.9,0.005798983
2021-12-13 00:00:00+00:00,46702.75,-0.030095468
2021-12-14 00:00:00+00:00,48343.28,0.014993659
2021-12-15 00:00:00+00:00,48864.98,0.004661612
2021-12-16 00:00:00+00:00,47632.38,-0.011095443
2021-12-17 00:00:00+00:00,46131.2,-0.01390753
2021-12-18 00:00:00+00:00,46834.48,0.006570951
2021-12-19 00:00:00+00:00,46681.23,-0.001423412
2021-12-20 00:00:00+00:00,46914.16,0.002161654
2021-12-21 00:00:00+00:00,48889.88,0.017915027
2021-12-22 00:00:00+00:00,48588.16,-0.002688518
2021-12-23 00:00:00+00:00,50838.81,0.019664923
2021-12-24 00:00:00+00:00,50820,-0.000160716
2021-12-25 00:00:00+00:00,50399.66,-0.003607054
2021-12-26 00:00:00+00:00,50775.49,0.003226517
2021-12-27 00:00:00+00:00,50701.44,-0.000633829
2021-12-28 00:00:00+00:00,47543.74,-0.027926952
2021-12-29 00:00:00+00:00,46464.66,-0.009970579
2021-12-30 00:00:00+00:00,47120.87,0.006090537
2021-12-31 00:00:00+00:00,46216.93,-0.008412207
2022-01-01 00:00:00+00:00,47722.65,0.013923458
2022-01-02 00:00:00+00:00,47286.18,-0.003990321
2022-01-03 00:00:00+00:00,46446.1,-0.007784978
2022-01-04 00:00:00+00:00,45832.01,-0.005780349
2022-01-05 00:00:00+00:00,43451.13,-0.023167829
2022-01-06 00:00:00+00:00,43082.31,-0.003702094
2022-01-07 00:00:00+00:00,41566.48,-0.015555733
2022-01-08 00:00:00+00:00,41679.74,0.001181753
2022-01-09 00:00:00+00:00,41864.62,0.001922152
2022-01-10 00:00:00+00:00,41822.49,-0.000437268
2022-01-11 00:00:00+00:00,42729.29,0.009315791
2022-01-12 00:00:00+00:00,43902.66,0.011765158
2022-01-13 00:00:00+00:00,42560.11,-0.013488093
2022-01-14 00:00:00+00:00,43059.96,0.00507088
2022-01-15 00:00:00+00:00,43084.29,0.000245318
2022-01-16 00:00:00+00:00,43071.66,-0.00012733
2022-01-17 00:00:00+00:00,42201.62,-0.008862487
2022-01-18 00:00:00+00:00,42352.12,0.001546032
2022-01-19 00:00:00+00:00,41660.01,-0.007155785
2022-01-20 00:00:00+00:00,40680.91,-0.010328711
2022-01-21 00:00:00+00:00,36445.31,-0.047749011
2022-01-22 00:00:00+00:00,35071.42,-0.016688298
2022-01-23 00:00:00+00:00,36244.55,0.014289362
2022-01-24 00:00:00+00:00,36660.35,0.004953895
2022-01-25 00:00:00+00:00,36958.32,0.003515615
2022-01-26 00:00:00+00:00,36809.34,-0.001754191
2022-01-27 00:00:00+00:00,37160.1,0.004118844
2022-01-28 00:00:00+00:00,37716.56,0.006455201
2022-01-29 00:00:00+00:00,38166.84,0.005154129
2022-01-30 00:00:00+00:00,37881.76,-0.003256056
2022-01-31 00:00:00+00:00,38466.9,0.00665704
2022-02-01 00:00:00+00:00,38694.59,0.002563061
2022-02-02 00:00:00+00:00,36896.36,-0.020666726
2022-02-03 00:00:00+00:00,37311.61,0.004860466
2022-02-04 00:00:00+00:00,41574.25,0.046980434
2022-02-05 00:00:00+00:00,41382.59,-0.002006755
2022-02-06 00:00:00+00:00,42380.87,0.010352199
2022-02-07 00:00:00+00:00,43839.99,0.014700579
2022-02-08 00:00:00+00:00,44042.99,0.002006348
2022-02-09 00:00:00+00:00,44372.72,0.003239257
2022-02-10 00:00:00+00:00,43495.44,-0.008672323
2022-02-11 00:00:00+00:00,42373.73,-0.011347034
2022-02-12 00:00:00+00:00,42217.87,-0.001600377
2022-02-13 00:00:00+00:00,42053.66,-0.001692519
2022-02-14 00:00:00+00:00,42535.94,0.004952236
2022-02-15 00:00:00+00:00,44544.86,0.020041564
2022-02-16 00:00:00+00:00,43873.56,-0.006594723
2022-02-17 00:00:00+00:00,40515.7,-0.034579529
2022-02-18 00:00:00+00:00,39974.44,-0.005840958
2022-02-19 00:00:00+00:00,40079.17,0.001136331
2022-02-20 00:00:00+00:00,38386.89,-0.018735791
2022-02-21 00:00:00+00:00,37008.16,-0.015885435
2022-02-22 00:00:00+00:00,38230.33,0.014110554
2022-02-23 00:00:00+00:00,37250.01,-0.011281653
2022-02-24 00:00:00+00:00,38327.21,0.012380813
2022-02-25 00:00:00+00:00,39219.17,0.009991192
2022-02-26 00:00:00+00:00,39116.72,-0.001135967
2022-02-27 00:00:00+00:00,37699.07,-0.016031795
2022-02-28 00:00:00+00:00,43160,0.058750799
2022-03-01 00:00:00+00:00,44421.2,0.01250885
2022-03-02 00:00:00+00:00,43892.98,-0.005195219
2022-03-03 00:00:00+00:00,42454,-0.014476452
2022-03-04 00:00:00+00:00,39148.66,-0.035201714
2022-03-05 00:00:00+00:00,39397.96,0.002756834
2022-03-06 00:00:00+00:00,38420.81,-0.010907218
2022-03-07 00:00:00+00:00,37988,-0.004920087
2022-03-08 00:00:00+00:00,38730.63,0.008408132
2022-03-09 00:00:00+00:00,41941.71,0.034591572
2022-03-10 00:00:00+00:00,39422,-0.026907479
2022-03-11 00:00:00+00:00,38729.57,-0.007695978
2022-03-12 00:00:00+00:00,38807.36,0.000871424
2022-03-13 00:00:00+00:00,37777.34,-0.011682725
2022-03-14 00:00:00+00:00,39671.37,0.021245824
2022-03-15 00:00:00+00:00,39280.33,-0.004302071
2022-03-16 00:00:00+00:00,41114,0.019814604
2022-03-17 00:00:00+00:00,40917.9,-0.002076395
2022-03-18 00:00:00+00:00,41757.51,0.008821257
2022-03-19 00:00:00+00:00,42201.13,0.004589486
2022-03-20 00:00:00+00:00,41262.11,-0.009772648
2022-03-21 00:00:00+00:00,41002.25,-0.002743743
2022-03-22 00:00:00+00:00,42364.13,0.014190603
2022-03-23 00:00:00+00:00,42882.76,0.005284437
2022-03-24 00:00:00+00:00,43991.46,0.011085646
2022-03-25 00:00:00+00:00,44313.16,0.003164345
2022-03-26 00:00:00+00:00,44511.27,0.001937265
2022-03-27 00:00:00+00:00,46827.76,0.022033398
2022-03-28 00:00:00+00:00,47122.21,0.002722267
2022-03-29 00:00:00+00:00,47434.8,0.002871423
2022-03-30 00:00:00+00:00,47067.99,-0.003371421
2022-03-31 00:00:00+00:00,45510.34,-0.014615572
2022-04-01 00:00:00+00:00,46283.49,0.007316019
2022-04-02 00:00:00+00:00,45811,-0.004456327
2022-04-03 00:00:00+00:00,46407.35,0.005616998
2022-04-04 00:00:00+00:00,46580.51,0.00161747
2022-04-05 00:00:00+00:00,45497.55,-0.010216228
2022-04-06 00:00:00+00:00,43170.47,-0.022801234
2022-04-07 00:00:00+00:00,43444.19,0.002744928
2022-04-08 00:00:00+00:00,42252.01,-0.01208433
2022-04-09 00:00:00+00:00,42753.97,0.005129074
2022-04-10 00:00:00+00:00,42158.85,-0.006087692
2022-04-11 00:00:00+00:00,39530.45,-0.027956998
2022-04-12 00:00:00+00:00,40074.94,0.005941123
2022-04-13 00:00:00+00:00,41147.79,0.011473634
2022-04-14 00:00:00+00:00,39942.38,-0.012912576
2022-04-15 00:00:00+00:00,40551.9,0.006577268
2022-04-16 00:00:00+00:00,40378.71,-0.001858767
2022-04-17 00:00:00+00:00,39678.12,-0.007601354
2022-04-18 00:00:00+00:00,40801.13,0.012121105
2022-04-19 00:00:00+00:00,41493.18,0.007304529
2022-04-20 00:00:00+00:00,41358.19,-0.001415196
2022-04-21 00:00:00+00:00,40480.01,-0.009320913
2022-04-22 00:00:00+00:00,39709.18,-0.008349692
2022-04-23 00:00:00+00:00,39441.6,-0.002936395
2022-04-24 00:00:00+00:00,39450.13,9.39143E-05
2022-04-25 00:00:00+00:00,40426.08,0.010613192
2022-04-26 00:00:00+00:00,38112.65,-0.025592484
2022-04-27 00:00:00+00:00,39235.72,0.01261248
2022-04-28 00:00:00+00:00,39742.07,0.005568857
2022-04-29 00:00:00+00:00,38596.11,-0.012706948
2022-04-30 00:00:00+00:00,37630.8,-0.011000084
2022-05-01 00:00:00+00:00,38468.35,0.009560108
2022-05-02 00:00:00+00:00,38525.16,0.000640892
2022-05-03 00:00:00+00:00,37728.95,-0.009069732
2022-05-04 00:00:00+00:00,39690,0.02200638
2022-05-05 00:00:00+00:00,36552.97,-0.035758429
2022-05-06 00:00:00+00:00,36013.77,-0.006454083
2022-05-07 00:00:00+00:00,35472.39,-0.006578136
2022-05-08 00:00:00+00:00,34038.4,-0.017921313
2022-05-09 00:00:00+00:00,30076.31,-0.053744585
2022-05-10 00:00:00+00:00,31017.1,0.013376638
2022-05-11 00:00:00+00:00,29103.94,-0.027649404
2022-05-12 00:00:00+00:00,29029.75,-0.001108491
2022-05-13 00:00:00+00:00,29287.05,0.003832333
2022-05-14 00:00:00+00:00,30086.74,0.011699504
2022-05-15 00:00:00+00:00,31328.89,0.017569875
2022-05-16 00:00:00+00:00,29874.01,-0.020651486
2022-05-17 00:00:00+00:00,30444.93,0.008221458
2022-05-18 00:00:00+00:00,28715.32,-0.025401319
2022-05-19 00:00:00+00:00,30319.23,0.023604507
2022-05-20 00:00:00+00:00,29201.01,-0.016320295
2022-05-21 00:00:00+00:00,29445.06,0.003614571
2022-05-22 00:00:00+00:00,30293.94,0.012343317
2022-05-23 00:00:00+00:00,29109.15,-0.017326237
2022-05-24 00:00:00+00:00,29654.58,0.008062253
2022-05-25 00:00:00+00:00,29542.15,-0.001649679
2022-05-26 00:00:00+00:00,29201.35,-0.005039169
2022-05-27 00:00:00+00:00,28629.8,-0.008584615
2022-05-28 00:00:00+00:00,29031.33,0.006048618
2022-05-29 00:00:00+00:00,29468.1,0.006485203
2022-05-30 00:00:00+00:00,31734.22,0.032175693
2022-05-31 00:00:00+00:00,31801.04,0.000913495
2022-06-01 00:00:00+00:00,29805.83,-0.028140103
2022-06-02 00:00:00+00:00,30452.62,0.009323443
2022-06-03 00:00:00+00:00,29700.21,-0.010865143
2022-06-04 00:00:00+00:00,29864.04,0.002389039
2022-06-05 00:00:00+00:00,29919.21,0.000801563
2022-06-06 00:00:00+00:00,31373.1,0.020607312
2022-06-07 00:00:00+00:00,31125.33,-0.003443469
2022-06-08 00:00:00+00:00,30204.77,-0.013038432
2022-06-10 00:00:00+00:00,29091.88,-0.016303746
2022-06-11 00:00:00+00:00,28424.7,-0.010075898
2022-06-12 00:00:00+00:00,26574.53,-0.029230297
2022-06-13 00:00:00+00:00,22487.41,-0.072526154
2022-06-14 00:00:00+00:00,22136.41,-0.006832248
2022-06-15 00:00:00+00:00,22583.72,0.008688291
2022-06-16 00:00:00+00:00,20401.31,-0.044137426
2022-06-17 00:00:00+00:00,20468.81,0.00143454
2022-06-18 00:00:00+00:00,18970.79,-0.033007178
2022-06-19 00:00:00+00:00,20574,0.035233319
2022-06-20 00:00:00+00:00,20573.89,-2.32199E-06
2022-06-21 00:00:00+00:00,20723.52,0.003147111
2022-06-22 00:00:00+00:00,19987.99,-0.015694401
2022-06-23 00:00:00+00:00,21110.13,0.023721784
2022-06-24 00:00:00+00:00,21237.69,0.002616369
2022-06-25 00:00:00+00:00,21491.19,0.005153186
2022-06-26 00:00:00+00:00,21038.07,-0.009254568
2022-06-27 00:00:00+00:00,20742.56,-0.006143541
2022-06-28 00:00:00+00:00,20281.29,-0.00976678
2022-06-29 00:00:00+00:00,20123.01,-0.003402632
2022-06-30 00:00:00+00:00,19942.21,-0.003919658
2022-07-01 00:00:00+00:00,19279.8,-0.014670761
2022-07-02 00:00:00+00:00,19252.81,-0.000608399
2022-07-03 00:00:00+00:00,19315.83,0.00141925
2022-07-04 00:00:00+00:00,20236.71,0.020226534
2022-07-05 00:00:00+00:00,20175.83,-0.001308498
2022-07-06 00:00:00+00:00,20564.51,0.008286956
2022-07-07 00:00:00+00:00,21624.98,0.021837349
2022-07-08 00:00:00+00:00,21594.75,-0.000607534
2022-07-09 00:00:00+00:00,21591.83,-5.87284E-05
2022-07-10 00:00:00+00:00,20862.47,-0.014923727
2022-07-11 00:00:00+00:00,19963.61,-0.019126648
2022-07-12 00:00:00+00:00,19328.75,-0.014035308
2022-07-13 00:00:00+00:00,20234.87,0.01989665
2022-07-14 00:00:00+00:00,20588.84,0.00753146
2022-07-15 00:00:00+00:00,20830.04,0.005058225
2022-07-16 00:00:00+00:00,21195.6,0.007555611
2022-07-17 00:00:00+00:00,20798.16,-0.0082208
2022-07-18 00:00:00+00:00,22432.58,0.03285431
2022-07-19 00:00:00+00:00,23396.62,0.018273896
2022-07-20 00:00:00+00:00,23223.3,-0.003229189
2022-07-21 00:00:00+00:00,23152.19,-0.001331855
2022-07-22 00:00:00+00:00,22684.83,-0.008856549
2022-07-23 00:00:00+00:00,22451.07,-0.004498485
2022-07-24 00:00:00+00:00,22579.68,0.002480739
2022-07-25 00:00:00+00:00,21310.9,-0.025115992
2022-07-26 00:00:00+00:00,21254.67,-0.001147425
2022-07-27 00:00:00+00:00,22952.45,0.033374683
2022-07-28 00:00:00+00:00,23842.93,0.016530574
2022-07-29 00:00:00+00:00,23773.75,-0.001261932
2022-07-30 00:00:00+00:00,23643.51,-0.002385741
2022-07-31 00:00:00+00:00,23293.32,-0.006480557
2022-08-01 00:00:00+00:00,23268.01,-0.000472151
2022-08-02 00:00:00+00:00,22987.79,-0.005262021
2022-08-03 00:00:00+00:00,22818.37,-0.003212603
2022-08-04 00:00:00+00:00,22622.98,-0.003734806
2022-08-05 00:00:00+00:00,23312.42,0.013037547
2022-08-06 00:00:00+00:00,22954.21,-0.006725008
2022-08-07 00:00:00+00:00,23174.39,0.004145961
2022-08-08 00:00:00+00:00,23810,0.011751084
2022-08-09 00:00:00+00:00,23149.95,-0.012209338
2022-08-13 00:00:00+00:00,24441.38,0.023575666
2022-08-14 00:00:00+00:00,24305.24,-0.002425809
2022-08-15 00:00:00+00:00,24094.82,-0.003776228
2022-08-16 00:00:00+00:00,23854.74,-0.004348999
2022-08-17 00:00:00+00:00,23342.66,-0.009424343
2022-08-18 00:00:00+00:00,23191.2,-0.002827123
2022-08-19 00:00:00+00:00,20834.39,-0.046542432
2022-08-20 00:00:00+00:00,21140.07,0.006325632
2022-08-21 00:00:00+00:00,21515.61,0.007647242
2022-08-22 00:00:00+00:00,21399.83,-0.00234334
2022-08-23 00:00:00+00:00,21529.12,0.002615955
2022-08-24 00:00:00+00:00,21368.08,-0.003260777
2022-08-25 00:00:00+00:00,21559.04,0.003863917
2022-08-26 00:00:00+00:00,20241.05,-0.027396381
2022-08-27 00:00:00+00:00,20037.6,-0.004387335
2022-08-28 00:00:00+00:00,19555.61,-0.010574335
2022-08-29 00:00:00+00:00,20285.73,0.015919273
2022-08-30 00:00:00+00:00,19811.66,-0.010269775
2022-08-31 00:00:00+00:00,20050.02,0.005193944
2022-09-01 00:00:00+00:00,20131.46,0.001760462
2022-09-02 00:00:00+00:00,19951.86,-0.003891884
2022-09-03 00:00:00+00:00,19831.9,-0.002619065
2022-09-04 00:00:00+00:00,20000.3,0.003672186
2022-09-05 00:00:00+00:00,19796.84,-0.004440637
2022-09-06 00:00:00+00:00,18790.61,-0.022654994
2022-09-07 00:00:00+00:00,19292.84,0.011455284
2022-09-08 00:00:00+00:00,19319.77,0.000605789
2022-09-09 00:00:00+00:00,21360.11,0.043601533
2022-09-10 00:00:00+00:00,21648.34,0.005821115
2022-09-11 00:00:00+00:00,21826.87,0.003566862
2022-09-12 00:00:00+00:00,22395.74,0.011173955
2022-09-13 00:00:00+00:00,20173.57,-0.045382657
2022-09-14 00:00:00+00:00,20226.71,0.001142488
2022-09-15 00:00:00+00:00,19701.88,-0.011417578
2022-09-16 00:00:00+00:00,19803.3,0.002229897
2022-09-17 00:00:00+00:00,20113.62,0.006752674
2022-09-18 00:00:00+00:00,19416.18,-0.015326451
2022-09-19 00:00:00+00:00,19537.02,0.002694532
2022-09-20 00:00:00+00:00,18875,-0.014971361
2022-09-21 00:00:00+00:00,18461.36,-0.009623269
2022-09-22 00:00:00+00:00,19401.63,0.021574527
2022-09-23 00:00:00+00:00,19289.91,-0.002508017
2022-09-24 00:00:00+00:00,18920.5,-0.008397592
2022-09-25 00:00:00+00:00,18807.38,-0.00260431
2022-09-26 00:00:00+00:00,19227.82,0.009601748
2022-09-27 00:00:00+00:00,19079.13,-0.003371481
2022-09-28 00:00:00+00:00,19412.82,0.007530061
2022-09-29 00:00:00+00:00,19591.51,0.003979283
2022-09-30 00:00:00+00:00,19422.61,-0.00376032
2022-10-01 00:00:00+00:00,19310.95,-0.00250395
2022-10-02 00:00:00+00:00,19056.8,-0.005753663
2022-10-03 00:00:00+00:00,19629.08,0.012849969
2022-10-04 00:00:00+00:00,20337.82,0.015404454
2022-10-05 00:00:00+00:00,20158.26,-0.003851357
2022-10-06 00:00:00+00:00,19960.67,-0.004277928
2022-10-07 00:00:00+00:00,19530.09,-0.00947087
2022-10-08 00:00:00+00:00,19417.96,-0.002500643
2022-10-09 00:00:00+00:00,19439.02,0.000470764
2022-10-10 00:00:00+00:00,19131.87,-0.006916945
2022-10-11 00:00:00+00:00,19060,-0.001634525
2022-10-12 00:00:00+00:00,19155.53,0.002171276
2022-10-13 00:00:00+00:00,19375.13,0.004950452
2022-10-14 00:00:00+00:00,19176.93,-0.004465542
2022-10-15 00:00:00+00:00,19069.39,-0.002442282
2022-10-16 00:00:00+00:00,19262.98,0.004386673
2022-10-17 00:00:00+00:00,19549.86,0.006420178
2022-10-18 00:00:00+00:00,19327.44,-0.004969318
2022-10-19 00:00:00+00:00,19123.97,-0.00459628
2022-10-20 00:00:00+00:00,19041.92,-0.001867317
2022-10-21 00:00:00+00:00,19164.37,0.002783811
2022-10-22 00:00:00+00:00,19204.35,0.000905065
2022-10-23 00:00:00+00:00,19570.4,0.00820009
2022-10-24 00:00:00+00:00,19329.72,-0.005374139
2022-10-25 00:00:00+00:00,20080.07,0.016539659
2022-10-26 00:00:00+00:00,20771.59,0.014704519
2022-10-27 00:00:00+00:00,20295.11,-0.010078332
2022-10-28 00:00:00+00:00,20591.84,0.006303746
2022-10-29 00:00:00+00:00,20809.67,0.004570038
2022-10-30 00:00:00+00:00,20627.48,-0.003819019
2022-10-31 00:00:00+00:00,20490.74,-0.002888532
2022-11-01 00:00:00+00:00,20483.62,-0.000150932
2022-11-02 00:00:00+00:00,20151.84,-0.007092004
2022-11-03 00:00:00+00:00,20207.82,0.001204758
2022-11-04 00:00:00+00:00,21148.52,0.019760516
2022-11-05 00:00:00+00:00,21299.37,0.003086778
2022-11-06 00:00:00+00:00,20905.58,-0.008104537
2022-11-07 00:00:00+00:00,20591.13,-0.006582041
2022-11-08 00:00:00+00:00,18547.23,-0.045401123
2022-11-09 00:00:00+00:00,15922.81,-0.066259345
2022-11-10 00:00:00+00:00,17601.15,0.043521331
2022-11-11 00:00:00+00:00,17070.31,-0.013299636
2022-11-12 00:00:00+00:00,16812.08,-0.00661996
2022-11-13 00:00:00+00:00,16329.85,-0.012639252
2022-11-14 00:00:00+00:00,16619.46,0.007634713
2022-11-15 00:00:00+00:00,16900.57,0.007284444
2022-11-16 00:00:00+00:00,16662.76,-0.006154413
2022-11-17 00:00:00+00:00,16692.56,0.000776007
2022-11-18 00:00:00+00:00,16700.45,0.000205228
2022-11-19 00:00:00+00:00,16700.68,5.9811E-06
2022-11-20 00:00:00+00:00,16280.23,-0.011073619
2022-11-21 00:00:00+00:00,15781.29,-0.013518036
2022-11-22 00:00:00+00:00,16226.94,0.01209413
2022-11-23 00:00:00+00:00,16603.11,0.009952815
2022-11-24 00:00:00+00:00,16598.95,-0.000108828
2022-11-25 00:00:00+00:00,16522.14,-0.002014319
2022-11-26 00:00:00+00:00,16458.57,-0.001674199
2022-11-27 00:00:00+00:00,16428.78,-0.000786785
2022-11-28 00:00:00+00:00,16212.91,-0.005744342
2022-11-29 00:00:00+00:00,16442.53,0.006107671
2022-11-30 00:00:00+00:00,17163.64,0.018640754
2022-12-01 00:00:00+00:00,16977.37,-0.004738983
2022-12-02 00:00:00+00:00,17092.74,0.002941273
2022-12-03 00:00:00+00:00,16885.2,-0.005305477
2022-12-04 00:00:00+00:00,17105.7,0.005634642
2022-12-05 00:00:00+00:00,16966.35,-0.003552429
2022-12-06 00:00:00+00:00,17088.96,0.003127211
2022-12-07 00:00:00+00:00,16836.64,-0.006460207
2022-12-08 00:00:00+00:00,17224.1,0.009881112
2022-12-09 00:00:00+00:00,17128.56,-0.002415685
2022-12-10 00:00:00+00:00,17127.49,-2.71307E-05
2022-12-11 00:00:00+00:00,17085.05,-0.001077469
2022-12-12 00:00:00+00:00,17209.83,0.003160326
2022-12-13 00:00:00+00:00,17774.7,0.014025699
2022-12-14 00:00:00+00:00,17803.15,0.000694572
2022-12-15 00:00:00+00:00,17356.34,-0.011038702
2022-12-16 00:00:00+00:00,16632.12,-0.018510539
2022-12-17 00:00:00+00:00,16776.52,0.003754269
2022-12-18 00:00:00+00:00,16738.21,-0.000992867
2022-12-19 00:00:00+00:00,16438.88,-0.007836787
2022-12-20 00:00:00+00:00,16895.56,0.011900366
2022-12-22 00:00:00+00:00,16821.43,-0.001909678
2022-12-23 00:00:00+00:00,16778.5,-0.00110978
2022-12-24 00:00:00+00:00,16836.12,0.00148888
2022-12-25 00:00:00+00:00,16832.11,-0.000103452
2022-12-26 00:00:00+00:00,16919.39,0.002246141
2022-12-27 00:00:00+00:00,16706.36,-0.005502866
2022-12-28 00:00:00+00:00,16547.31,-0.004154433
2022-12-29 00:00:00+00:00,16633.47,0.002255456
2022-12-30 00:00:00+00:00,16607.48,-0.000679121
2022-12-31 00:00:00+00:00,16542.4,-0.00170522
2023-01-01 00:00:00+00:00,16616.75,0.001947568
2023-01-02 00:00:00+00:00,16672.87,0.001464278
2023-01-03 00:00:00+00:00,16675.18,6.01667E-05
2023-01-04 00:00:00+00:00,16850.36,0.004538653
2023-01-05 00:00:00+00:00,16831.85,-0.000477332
2023-01-06 00:00:00+00:00,16950.65,0.003054504
2023-01-07 00:00:00+00:00,16943.57,-0.000181435
2023-01-08 00:00:00+00:00,17127.83,0.004697423
2023-01-09 00:00:00+00:00,17178.26,0.001276828
2023-01-10 00:00:00+00:00,17440.66,0.006583744
2023-01-11 00:00:00+00:00,17943.26,0.012338434
2023-01-12 00:00:00+00:00,18846.62,0.021332124
2023-01-13 00:00:00+00:00,19930.01,0.024274043
2023-01-14 00:00:00+00:00,20954.92,0.021778491
2023-01-15 00:00:00+00:00,20871.5,-0.001732345
2023-01-16 00:00:00+00:00,21185.65,0.006488131
2023-01-17 00:00:00+00:00,21134.81,-0.001043445
2023-01-18 00:00:00+00:00,20677.47,-0.009500949
2023-01-19 00:00:00+00:00,21071.59,0.008199908
2023-01-20 00:00:00+00:00,22667.21,0.031700761
2023-01-21 00:00:00+00:00,22783.55,0.002223326
2023-01-22 00:00:00+00:00,22707.88,-0.001444804
2023-01-23 00:00:00+00:00,22916.45,0.003970751
2023-01-24 00:00:00+00:00,22632.89,-0.005407329
2023-01-25 00:00:00+00:00,23060.94,0.008136993
2023-01-26 00:00:00+00:00,23009.65,-0.000966993
2023-01-27 00:00:00+00:00,23074.16,0.001215887
2023-01-28 00:00:00+00:00,23022.6,-0.000971532
2023-01-29 00:00:00+00:00,23742.3,0.01336842
2023-01-30 00:00:00+00:00,22826.15,-0.017090121
2023-01-31 00:00:00+00:00,23125.13,0.005651516
2023-02-01 00:00:00+00:00,23732.66,0.011262235
2023-02-02 00:00:00+00:00,23488.94,-0.004482999
2023-02-03 00:00:00+00:00,23431.9,-0.001055913
2023-02-04 00:00:00+00:00,23326.84,-0.001951595
2023-02-05 00:00:00+00:00,22932.91,-0.007396744
2023-02-06 00:00:00+00:00,22762.52,-0.003238826
2023-02-07 00:00:00+00:00,23240.46,0.009024379
2023-02-08 00:00:00+00:00,22963,-0.005216094
2023-02-09 00:00:00+00:00,21796.35,-0.022644853
2023-02-10 00:00:00+00:00,21625.19,-0.003423841
2023-02-11 00:00:00+00:00,21862.55,0.004740884
2023-02-12 00:00:00+00:00,21783.54,-0.001572358
2023-02-13 00:00:00+00:00,21773.97,-0.000190837
2023-02-15 00:00:00+00:00,24324.05,0.048098267
2023-02-16 00:00:00+00:00,23517.72,-0.014640672
2023-02-17 00:00:00+00:00,24569.97,0.019009411
2023-02-18 00:00:00+00:00,24631.95,0.001094168
2023-02-19 00:00:00+00:00,24271.76,-0.006397525
2023-02-20 00:00:00+00:00,24842.2,0.010088785
2023-02-21 00:00:00+00:00,24452.16,-0.006872825
2023-02-22 00:00:00+00:00,24182.21,-0.004821241
2023-02-23 00:00:00+00:00,23940.2,-0.004368214
2023-02-24 00:00:00+00:00,23185.29,-0.013915242
2023-02-25 00:00:00+00:00,23157.07,-0.000528924
2023-02-26 00:00:00+00:00,23554.85,0.007396734
2023-03-01 00:00:00+00:00,23628.97,0.001364448
2023-03-02 00:00:00+00:00,23465.32,-0.00301831
2023-03-03 00:00:00+00:00,22354.34,-0.021064629
2023-03-08 00:00:00+00:00,21705.44,-0.012793258
2023-03-09 00:00:00+00:00,20362.22,-0.027743469
2023-03-11 00:00:00+00:00,20455.73,0.001989857
